DIAG_CRS,AverageAge,sdAge,AvgSNOT20,sdSNOT20,PercFemale,PercPolyps,PercGERD,PercAsthma,PercAllergies
CRS,49.88709677419355,13.95907935184613,1.9377583888363636,1.0301164614424996,53.2258064516129,41.935483870967744,22.58064516129032,51.61290322580645,35.483870967741936
Non-CRS,43.05263157894737,14.358403208228221,0.9291568020000001,0.7962917227832058,42.10526315789473,0,15.789473684210526,5.263157894736842,21.052631578947366
